date,location_key,country_code,country_name,subregion1_code,subregion1_name,subregion2_code,subregion2_name,iso_3166_1_alpha_2,iso_3166_1_alpha_3,aggregation_level,new_confirmed,new_deceased,new_recovered,new_tested,cumulative_confirmed,cumulative_deceased,cumulative_recovered,cumulative_tested,new_hospitalized_patients,new_intensive_care_patients,new_ventilator_patients,cumulative_hospitalized_patients,cumulative_intensive_care_patients,cumulative_ventilator_patients,current_hospitalized_patients,current_intensive_care_patients,current_ventilator_patients,mobility_transit_stations,mobility_retail_and_recreation,mobility_grocery_and_pharmacy,mobility_parks,mobility_residential,mobility_workplaces,wikidata_id,datacommons_id,openstreetmap_id,latitude,longitude,location_geometry,average_temperature_celsius,minimum_temperature_celsius,maximum_temperature_celsius,rainfall_mm,snowfall_mm
2020-01-01,EG,EG,Egypt,,,,,EG,EGY,0,0,0,,,0,0,,,,,,,,,,,,,,,,,,Q79,country/EGY,1473947,27.0,29.0,POINT(29 27),11.311111,5.444444,18.022222,0.0,
2020-01-02,EG,EG,Egypt,,,,,EG,EGY,0,0,0,,,0,0,,,,,,,,,,,,,,,,,,Q79,country/EGY,1473947,27.0,29.0,POINT(29 27),11.633333,5.655556,18.477778,0.0,
2020-01-03,EG,EG,Egypt,,,,,EG,EGY,0,0,0,,,0,0,,,,,,,,,,,,,,,,,,Q79,country/EGY,1473947,27.0,29.0,POINT(29 27),10.977778,5.722222,17.5,0.0,
2020-01-04,EG,EG,Egypt,,,,,EG,EGY,0,0,0,,,0,0,,,,,,,,,,,,,,,,,,Q79,country/EGY,1473947,27.0,29.0,POINT(29 27),10.922222,6.077778,16.755556,0.0,
2020-01-05,EG,EG,Egypt,,,,,EG,EGY,0,0,0,,,0,0,,,,,,,,,,,,,,,,,,Q79,country/EGY,1473947,27.0,29.0,POINT(29 27),11.655556,5.566667,17.844444,0.0,
2020-01-06,EG,EG,Egypt,,,,,EG,EGY,0,0,0,,,0,0,,,,,,,,,,,,,,,,,,Q79,country/EGY,1473947,27.0,29.0,POINT(29 27),10.611111,4.522222,19.122222,0.0,
2020-01-07,EG,EG,Egypt,,,,,EG,EGY,0,0,0,,,0,0,,,,,,,,,,,,,,,,,,Q79,country/EGY,1473947,27.0,29.0,POINT(29 27),11.477778,5.966667,18.4,0.0,
2020-01-08,EG,EG,Egypt,,,,,EG,EGY,0,0,0,,,0,0,,,,,,,,,,,,,,,,,,Q79,country/EGY,1473947,27.0,29.0,POINT(29 27),10.766667,4.766667,17.066667,0.0,
2020-01-09,EG,EG,Egypt,,,,,EG,EGY,0,0,0,,,0,0,,,,,,,,,,,,,,,,,,Q79,country/EGY,1473947,27.0,29.0,POINT(29 27),12.422222,7.0,16.822222,0.0,
2020-01-10,EG,EG,Egypt,,,,,EG,EGY,0,0,0,,,0,0,,,,,,,,,,,,,,,,,,Q79,country/EGY,1473947,27.0,29.0,POINT(29 27),10.922222,6.033333,16.566667,0.0,
2020-01-11,EG,EG,Egypt,,,,,EG,EGY,0,0,0,,,0,0,,,,,,,,,,,,,,,,,,Q79,country/EGY,1473947,27.0,29.0,POINT(29 27),11.911111,6.944444,19.233333,0.0,
2020-01-12,EG,EG,Egypt,,,,,EG,EGY,0,0,0,,,0,0,,,,,,,,,,,,,,,,,,Q79,country/EGY,1473947,27.0,29.0,POINT(29 27),13.288889,7.233333,20.488889,0.0,
2020-01-13,EG,EG,Egypt,,,,,EG,EGY,0,0,0,,,0,0,,,,,,,,,,,,,,,,,,Q79,country/EGY,1473947,27.0,29.0,POINT(29 27),13.5,6.288889,20.322222,0.0,
2020-01-14,EG,EG,Egypt,,,,,EG,EGY,0,0,0,,,0,0,,,,,,,,,,,,,,,,,,Q79,country/EGY,1473947,27.0,29.0,POINT(29 27),15.288889,8.688889,23.155556,0.0,
2020-01-15,EG,EG,Egypt,,,,,EG,EGY,0,0,0,,,0,0,,,,,,,,,,,,,,,,,,Q79,country/EGY,1473947,27.0,29.0,POINT(29 27),17.088889,8.577778,25.344444,0.0,
2020-01-16,EG,EG,Egypt,,,,,EG,EGY,0,0,0,,,0,0,,,,,,,,,,,,,,,,,,Q79,country/EGY,1473947,27.0,29.0,POINT(29 27),14.855556,10.044444,20.6,0.0,
2020-01-17,EG,EG,Egypt,,,,,EG,EGY,0,0,0,,,0,0,,,,,,,,,,,,,,,,,,Q79,country/EGY,1473947,27.0,29.0,POINT(29 27),13.677778,9.044444,19.022222,0.0,
2020-01-18,EG,EG,Egypt,,,,,EG,EGY,0,0,0,,,0,0,,,,,,,,,,,,,,,,,,Q79,country/EGY,1473947,27.0,29.0,POINT(29 27),12.966667,7.8,18.622222,0.0,
2020-01-19,EG,EG,Egypt,,,,,EG,EGY,0,0,0,,,0,0,,,,,,,,,,,,,,,,,,Q79,country/EGY,1473947,27.0,29.0,POINT(29 27),13.311111,7.133333,18.466667,0.0,
2020-01-20,EG,EG,Egypt,,,,,EG,EGY,0,0,0,,,0,0,,,,,,,,,,,,,,,,,,Q79,country/EGY,1473947,27.0,29.0,POINT(29 27),14.1,8.077778,19.722222,0.0,
2020-01-21,EG,EG,Egypt,,,,,EG,EGY,0,0,0,,,0,0,,,,,,,,,,,,,,,,,,Q79,country/EGY,1473947,27.0,29.0,POINT(29 27),12.8,7.7,18.4,0.0,
2020-01-22,EG,EG,Egypt,,,,,EG,EGY,0,0,0,,,0,0,,,,,,,,,,,,,,,,,,Q79,country/EGY,1473947,27.0,29.0,POINT(29 27),11.711111,5.511111,17.266667,0.0,
2020-01-23,EG,EG,Egypt,,,,,EG,EGY,0,0,0,,,0,0,,,,,,,,,,,,,,,,,,Q79,country/EGY,1473947,27.0,29.0,POINT(29 27),11.822222,5.088889,17.977778,0.0,
2020-01-24,EG,EG,Egypt,,,,,EG,EGY,0,0,0,,,0,0,,,,,,,,,,,,,,,,,,Q79,country/EGY,1473947,27.0,29.0,POINT(29 27),12.211111,5.688889,18.1,0.0,
2020-01-25,EG,EG,Egypt,,,,,EG,EGY,0,0,0,,,0,0,,,,,,,,,,,,,,,,,,Q79,country/EGY,1473947,27.0,29.0,POINT(29 27),12.177778,6.6,18.322222,0.0,
2020-01-26,EG,EG,Egypt,,,,,EG,EGY,0,0,0,,,0,0,,,,,,,,,,,,,,,,,,Q79,country/EGY,1473947,27.0,29.0,POINT(29 27),12.277778,6.277778,18.922222,0.0,
2020-01-27,EG,EG,Egypt,,,,,EG,EGY,0,0,0,,,0,0,,,,,,,,,,,,,,,,,,Q79,country/EGY,1473947,27.0,29.0,POINT(29 27),12.611111,4.322222,21.611111,0.0,
2020-01-28,EG,EG,Egypt,,,,,EG,EGY,0,0,0,,,0,0,,,,,,,,,,,,,,,,,,Q79,country/EGY,1473947,27.0,29.0,POINT(29 27),13.133333,5.6,21.533333,0.0,
2020-01-29,EG,EG,Egypt,,,,,EG,EGY,0,0,0,,,0,0,,,,,,,,,,,,,,,,,,Q79,country/EGY,1473947,27.0,29.0,POINT(29 27),12.566667,5.833333,20.333333,0.0,
2020-01-30,EG,EG,Egypt,,,,,EG,EGY,0,0,0,,,0,0,,,,,,,,,,,,,,,,,,Q79,country/EGY,1473947,27.0,29.0,POINT(29 27),13.255556,6.088889,20.666667,0.0,
2020-01-31,EG,EG,Egypt,,,,,EG,EGY,0,0,0,,,0,0,,,,,,,,,,,,,,,,,,Q79,country/EGY,1473947,27.0,29.0,POINT(29 27),13.755556,6.0,19.922222,0.0,
2020-02-01,EG,EG,Egypt,,,,,EG,EGY,0,0,0,,,0,0,,,,,,,,,,,,,,,,,,Q79,country/EGY,1473947,27.0,29.0,POINT(29 27),13.633333,6.911111,20.933333,0.0,
2020-02-02,EG,EG,Egypt,,,,,EG,EGY,0,0,0,,,0,0,,,,,,,,,,,,,,,,,,Q79,country/EGY,1473947,27.0,29.0,POINT(29 27),13.411111,6.144444,20.844444,0.0,
2020-02-03,EG,EG,Egypt,,,,,EG,EGY,0,0,0,,,0,0,,,,,,,,,,,,,,,,,,Q79,country/EGY,1473947,27.0,29.0,POINT(29 27),13.844444,6.577778,20.977778,0.0,
2020-02-04,EG,EG,Egypt,,,,,EG,EGY,0,0,0,,,0,0,,,,,,,,,,,,,,,,,,Q79,country/EGY,1473947,27.0,29.0,POINT(29 27),14.055556,7.533333,21.822222,0.0,
2020-02-05,EG,EG,Egypt,,,,,EG,EGY,0,0,0,,,0,0,,,,,,,,,,,,,,,,,,Q79,country/EGY,1473947,27.0,29.0,POINT(29 27),15.533333,7.744444,23.422222,0.0,
2020-02-06,EG,EG,Egypt,,,,,EG,EGY,0,0,0,,,0,0,,,,,,,,,,,,,,,,,,Q79,country/EGY,1473947,27.0,29.0,POINT(29 27),18.066667,10.411111,25.3,0.0,
2020-02-07,EG,EG,Egypt,,,,,EG,EGY,0,0,0,,,0,0,,,,,,,,,,,,,,,,,,Q79,country/EGY,1473947,27.0,29.0,POINT(29 27),14.455556,9.633333,19.988889,0.0,
2020-02-08,EG,EG,Egypt,,,,,EG,EGY,0,0,0,,,0,0,,,,,,,,,,,,,,,,,,Q79,country/EGY,1473947,27.0,29.0,POINT(29 27),11.922222,6.333333,18.0,0.0,
2020-02-09,EG,EG,Egypt,,,,,EG,EGY,0,0,0,,,0,0,,,,,,,,,,,,,,,,,,Q79,country/EGY,1473947,27.0,29.0,POINT(29 27),11.733333,5.144444,17.933333,0.0,
2020-02-10,EG,EG,Egypt,,,,,EG,EGY,0,0,0,,,0,0,,,,,,,,,,,,,,,,,,Q79,country/EGY,1473947,27.0,29.0,POINT(29 27),11.544444,6.266667,17.144444,0.0,
2020-02-11,EG,EG,Egypt,,,,,EG,EGY,0,0,0,,,0,0,,,,,,,,,,,,,,,,,,Q79,country/EGY,1473947,27.0,29.0,POINT(29 27),12.566667,5.4,18.8,0.0,
2020-02-12,EG,EG,Egypt,,,,,EG,EGY,0,0,0,,,0,0,,,,,,,,,,,,,,,,,,Q79,country/EGY,1473947,27.0,29.0,POINT(29 27),15.055556,7.9,22.2,0.0,
2020-02-13,EG,EG,Egypt,,,,,EG,EGY,0,5,0,,,5,0,,,,,,,,,,,,,,,,,,Q79,country/EGY,1473947,27.0,29.0,POINT(29 27),16.0,6.866667,24.4,0.0,
2020-02-14,EG,EG,Egypt,,,,,EG,EGY,0,0,0,,,5,0,,,,,,,,,,,,,,,,,,Q79,country/EGY,1473947,27.0,29.0,POINT(29 27),17.2,7.744444,26.1,0.0,
2020-02-15,EG,EG,Egypt,,,,,EG,EGY,0,0,0,,,5,0,,,,,,,,,,,,8,4,8,9,0,5,Q79,country/EGY,1473947,27.0,29.0,POINT(29 27),17.577778,9.011111,25.755556,0.0,
2020-02-16,EG,EG,Egypt,,,,,EG,EGY,0,0,0,,,5,0,,,,,,,,,,,,7,-1,5,4,-1,10,Q79,country/EGY,1473947,27.0,29.0,POINT(29 27),15.922222,9.444444,21.955556,0.0,
2020-02-17,EG,EG,Egypt,,,,,EG,EGY,0,0,0,,,5,0,,,,,,,,,,,,4,0,3,6,-1,15,Q79,country/EGY,1473947,27.0,29.0,POINT(29 27),15.277778,8.555556,21.244444,0.0,
2020-02-18,EG,EG,Egypt,,,,,EG,EGY,0,0,0,,,5,0,,,,,,,,,,,,5,0,4,2,-1,12,Q79,country/EGY,1473947,27.0,29.0,POINT(29 27),15.322222,10.0,21.477778,0.0,
2020-02-19,EG,EG,Egypt,,,,,EG,EGY,0,0,0,,,5,0,,,,,,,,,,,,2,-5,0,0,0,10,Q79,country/EGY,1473947,27.0,29.0,POINT(29 27),15.211111,10.277778,20.4,0.0,
2020-02-20,EG,EG,Egypt,,,,,EG,EGY,0,0,0,,,5,0,,,,,,,,,,,,0,-5,-2,-5,0,9,Q79,country/EGY,1473947,27.0,29.0,POINT(29 27),14.888889,7.933333,21.877778,0.0,
2020-02-21,EG,EG,Egypt,,,,,EG,EGY,0,0,0,,,5,0,,,,,,,,,,,,8,6,6,15,2,6,Q79,country/EGY,1473947,27.0,29.0,POINT(29 27),15.988889,8.6,22.377778,0.0,
2020-02-22,EG,EG,Egypt,,,,,EG,EGY,0,0,0,,,5,0,,,,,,,,,,,,5,0,4,5,0,5,Q79,country/EGY,1473947,27.0,29.0,POINT(29 27),15.233333,9.7,20.433333,0.0,
2020-02-23,EG,EG,Egypt,,,,,EG,EGY,0,0,0,,,5,0,,,,,,,,,,,,4,-5,0,-1,-1,10,Q79,country/EGY,1473947,27.0,29.0,POINT(29 27),14.366667,7.277778,21.2,0.0,
2020-02-24,EG,EG,Egypt,,,,,EG,EGY,0,0,0,,,5,0,,,,,,,,,,,,2,-13,-11,-2,1,11,Q79,country/EGY,1473947,27.0,29.0,POINT(29 27),12.555556,8.444444,17.355556,0.0,
2020-02-25,EG,EG,Egypt,,,,,EG,EGY,0,0,0,,,5,0,,,,,,,,,,,,-9,-9,-3,-9,6,-8,Q79,country/EGY,1473947,27.0,29.0,POINT(29 27),13.577778,6.9,20.044444,0.8128,
2020-02-26,EG,EG,Egypt,,,,,EG,EGY,0,0,0,,,5,0,,,,,,,,,,,,6,0,4,4,-1,11,Q79,country/EGY,1473947,27.0,29.0,POINT(29 27),15.355556,7.011111,23.3,0.0,
2020-02-27,EG,EG,Egypt,,,,,EG,EGY,0,0,0,,,5,0,,,,,,,,,,,,6,1,5,1,-1,11,Q79,country/EGY,1473947,27.0,29.0,POINT(29 27),17.833333,8.277778,26.733333,0.0,
2020-02-28,EG,EG,Egypt,,,,,EG,EGY,0,0,0,,,5,0,,,,,,,,,,,,11,14,12,23,1,9,Q79,country/EGY,1473947,27.0,29.0,POINT(29 27),18.633333,10.277778,27.266667,0.0,
2020-02-29,EG,EG,Egypt,,,,,EG,EGY,0,0,0,,,5,0,,,,,,,,,,,,8,4,7,6,-1,6,Q79,country/EGY,1473947,27.0,29.0,POINT(29 27),17.344444,10.822222,23.244444,0.0,
2020-03-01,EG,EG,Egypt,,,,,EG,EGY,0,1,0,,,6,0,,,,,,,,,,,,8,1,8,4,-2,11,Q79,country/EGY,1473947,27.0,29.0,POINT(29 27),15.611111,9.222222,21.6,0.0,
2020-03-02,EG,EG,Egypt,,,,,EG,EGY,0,0,0,,,6,0,,,,,,,,,,,,6,3,7,6,-1,16,Q79,country/EGY,1473947,27.0,29.0,POINT(29 27),15.822222,7.922222,23.388889,0.0,
2020-03-03,EG,EG,Egypt,,,,,EG,EGY,0,0,0,,,6,0,,,,,,,,,,,,8,4,9,6,-2,13,Q79,country/EGY,1473947,27.0,29.0,POINT(29 27),16.888889,7.888889,26.188889,0.0,
2020-03-04,EG,EG,Egypt,,,,,EG,EGY,0,1,0,,,7,0,,,,,,,,,,,,8,3,8,8,-2,13,Q79,country/EGY,1473947,27.0,29.0,POINT(29 27),19.766667,8.644444,29.522222,0.0,
2020-03-05,EG,EG,Egypt,,,,,EG,EGY,0,0,0,,,7,0,,,,,,,,,,,,5,2,6,3,-2,12,Q79,country/EGY,1473947,27.0,29.0,POINT(29 27),22.411111,13.5,31.888889,0.0,
2020-03-06,EG,EG,Egypt,,,,,EG,EGY,0,45,0,,,52,0,,,,,,,,,,,,10,12,11,19,1,9,Q79,country/EGY,1473947,27.0,29.0,POINT(29 27),17.1,13.188889,23.144444,0.0,
2020-03-07,EG,EG,Egypt,,,,,EG,EGY,0,1,1,,,53,1,,,,,,,,,,,,6,6,9,10,-1,7,Q79,country/EGY,1473947,27.0,29.0,POINT(29 27),17.766667,9.866667,24.7,0.0,
2020-03-08,EG,EG,Egypt,,,,,EG,EGY,0,10,0,,,63,1,,,,,,,,,,,,5,-1,6,6,-1,11,Q79,country/EGY,1473947,27.0,29.0,POINT(29 27),19.577778,9.655556,28.988889,0.0,
2020-03-09,EG,EG,Egypt,,,,,EG,EGY,0,0,0,,,63,1,,,,,,,,,,,,2,-1,3,4,-1,16,Q79,country/EGY,1473947,27.0,29.0,POINT(29 27),21.477778,12.177778,30.966667,0.0,
2020-03-10,EG,EG,Egypt,,,,,EG,EGY,0,8,0,,,71,1,,,,,,,,,,,,5,2,8,7,-1,13,Q79,country/EGY,1473947,27.0,29.0,POINT(29 27),19.611111,14.377778,26.1,0.0,
2020-03-11,EG,EG,Egypt,,,,,EG,EGY,0,0,0,,,71,1,,,,,,,,,,,,10,3,13,8,-3,12,Q79,country/EGY,1473947,27.0,29.0,POINT(29 27),20.422222,13.611111,28.0,0.0,
2020-03-12,EG,EG,Egypt,,,,,EG,EGY,0,0,0,,,71,1,,,,,,,,,,,,-66,-63,-51,-60,20,-61,Q79,country/EGY,1473947,27.0,29.0,POINT(29 27),18.044444,12.5,23.3,1.2192,
2020-03-13,EG,EG,Egypt,,,,,EG,EGY,0,26,1,,,97,2,,,,,,,,,,,,-48,-42,-31,-41,10,-33,Q79,country/EGY,1473947,27.0,29.0,POINT(29 27),16.333333,9.5,21.377778,0.2032,
2020-03-14,EG,EG,Egypt,,,,,EG,EGY,0,17,0,,,114,2,,,,,,,,,,,,-22,-16,-5,-17,5,-15,Q79,country/EGY,1473947,27.0,29.0,POINT(29 27),18.588889,12.755556,23.877778,0.0,
2020-03-15,EG,EG,Egypt,,,,,EG,EGY,0,16,0,,,130,2,,,,,,,,,,,,-8,-12,6,-6,2,-5,Q79,country/EGY,1473947,27.0,29.0,POINT(29 27),19.677778,12.788889,26.522222,0.0,
2020-03-16,EG,EG,Egypt,,,,,EG,EGY,0,40,2,,,170,4,,,,,,,,,,,,-11,-11,4,-6,3,-1,Q79,country/EGY,1473947,27.0,29.0,POINT(29 27),21.022222,12.9,27.744444,0.0,
2020-03-17,EG,EG,Egypt,,,,,EG,EGY,0,30,2,,,200,6,,,,,,,,,,,,-17,-19,0,-18,5,-7,Q79,country/EGY,1473947,27.0,29.0,POINT(29 27),18.811111,13.322222,24.655556,0.0,
2020-03-18,EG,EG,Egypt,,,,,EG,EGY,0,14,0,,,214,6,,,,,,,,,,,,-21,-22,-3,-20,7,-11,Q79,country/EGY,1473947,27.0,29.0,POINT(29 27),15.755556,10.111111,21.033333,0.0,
2020-03-19,EG,EG,Egypt,,,,,EG,EGY,0,42,1,,,256,7,,,,,,,,,,,,-31,-35,-9,-30,9,-15,Q79,country/EGY,1473947,27.0,29.0,POINT(29 27),16.288889,9.088889,23.233333,0.0,
2020-03-20,EG,EG,Egypt,,,,,EG,EGY,0,29,1,,,285,8,,,,,,,,,,,,-36,-40,-13,-30,9,-13,Q79,country/EGY,1473947,27.0,29.0,POINT(29 27),15.688889,8.911111,21.455556,0.0,
2020-03-21,EG,EG,Egypt,,,,,EG,EGY,0,9,2,,,294,10,,,,,,,,,,,,-39,-39,-15,-31,9,-18,Q79,country/EGY,1473947,27.0,29.0,POINT(29 27),15.055556,8.633333,20.877778,0.0,
2020-03-22,EG,EG,Egypt,,,,,EG,EGY,0,33,4,,,327,14,,,,,,,,,,,,-44,-43,-20,-35,12,-27,Q79,country/EGY,1473947,27.0,29.0,POINT(29 27),16.844444,7.655556,24.722222,0.0,
2020-03-23,EG,EG,Egypt,,,,,EG,EGY,0,39,5,,,366,19,,,,,,,,,,,,-48,-46,-25,-39,14,-27,Q79,country/EGY,1473947,27.0,29.0,POINT(29 27),21.788889,11.322222,29.555556,0.0,
2020-03-24,EG,EG,Egypt,,,,,EG,EGY,0,76,2,,,442,21,,,,,,,,,,,,-47,-44,-18,-39,14,-31,Q79,country/EGY,1473947,27.0,29.0,POINT(29 27),23.3,16.244444,30.688889,0.0,
2020-03-25,EG,EG,Egypt,,,,,EG,EGY,0,14,0,,,456,21,,,,,,,,,,,,-56,-55,-30,-47,17,-37,Q79,country/EGY,1473947,27.0,29.0,POINT(29 27),20.744444,13.566667,27.577778,0.0,
2020-03-26,EG,EG,Egypt,,,,,EG,EGY,0,39,3,,,495,24,,,,,,,,,,,,-57,-57,-29,-50,18,-38,Q79,country/EGY,1473947,27.0,29.0,POINT(29 27),23.866667,14.277778,32.277778,0.0,
2020-03-27,EG,EG,Egypt,,,,,EG,EGY,0,41,6,,,536,30,,,,,,,,,,,,-76,-75,-50,-57,18,-50,Q79,country/EGY,1473947,27.0,29.0,POINT(29 27),23.522222,18.544444,28.533333,0.0,
2020-03-28,EG,EG,Egypt,,,,,EG,EGY,0,40,6,,,576,36,,,,,,,,,,,,-74,-73,-47,-57,20,-55,Q79,country/EGY,1473947,27.0,29.0,POINT(29 27),19.888889,14.855556,24.877778,0.0,
2020-03-29,EG,EG,Egypt,,,,,EG,EGY,0,33,4,,,609,40,,,,,,,,,,,,-52,-50,-24,-40,15,-35,Q79,country/EGY,1473947,27.0,29.0,POINT(29 27),20.677778,12.077778,27.144444,0.0,
2020-03-30,EG,EG,Egypt,,,,,EG,EGY,0,47,1,,,656,41,,,,,,,,,,,,-56,-53,-30,-45,16,-35,Q79,country/EGY,1473947,27.0,29.0,POINT(29 27),23.033333,13.266667,30.722222,0.0,
2020-03-31,EG,EG,Egypt,,,,,EG,EGY,0,54,5,,,710,46,,,,,,,,,,,,-56,-54,-29,-46,16,-36,Q79,country/EGY,1473947,27.0,29.0,POINT(29 27),25.522222,18.0,31.566667,0.0,
2020-04-01,EG,EG,Egypt,,,,,EG,EGY,0,69,6,,,779,52,,,,,,,,,,,,-54,-52,-26,-43,15,-36,Q79,country/EGY,1473947,27.0,29.0,POINT(29 27),21.444444,14.866667,27.4,0.0,
2020-04-02,EG,EG,Egypt,,,,,EG,EGY,0,86,6,,,865,58,,,,,,,,,,,,-54,-53,-22,-44,16,-36,Q79,country/EGY,1473947,27.0,29.0,POINT(29 27),20.744444,13.244444,27.988889,0.0,
2020-04-03,EG,EG,Egypt,,,,,EG,EGY,0,120,8,,,985,66,,,,,,,,,,,,-68,-66,-27,-47,16,-44,Q79,country/EGY,1473947,27.0,29.0,POINT(29 27),22.2,13.4,30.688889,0.0,
2020-04-04,EG,EG,Egypt,,,,,EG,EGY,0,85,5,,,1070,71,,,,,,,,,,,,-67,-64,-28,-49,17,-49,Q79,country/EGY,1473947,27.0,29.0,POINT(29 27),25.855556,14.288889,35.011111,0.0,
2020-04-05,EG,EG,Egypt,,,,,EG,EGY,0,103,7,,,1173,78,,,,,,,,,,,,-51,-46,-11,-36,15,-35,Q79,country/EGY,1473947,27.0,29.0,POINT(29 27),25.244444,18.388889,31.344444,0.0,
2020-04-06,EG,EG,Egypt,,,,,EG,EGY,0,149,7,,,1322,85,,,,,,,,,,,,-51,-46,-12,-37,16,-34,Q79,country/EGY,1473947,27.0,29.0,POINT(29 27),23.466667,16.944444,30.455556,0.0,
2020-04-07,EG,EG,Egypt,,,,,EG,EGY,0,128,9,,,1450,94,,,,,,,,,,,,-50,-57,-4,-36,16,-35,Q79,country/EGY,1473947,27.0,29.0,POINT(29 27),21.777778,15.955556,28.0,0.0,
2020-04-08,EG,EG,Egypt,,,,,EG,EGY,0,110,9,,,1560,103,,,,,,,,,,,,-50,-57,-5,-35,15,-35,Q79,country/EGY,1473947,27.0,29.0,POINT(29 27),20.266667,13.288889,26.233333,0.0,
2020-04-09,EG,EG,Egypt,,,,,EG,EGY,0,139,15,,,1699,118,,,,,,,,,,,,-49,-57,-2,-35,16,-34,Q79,country/EGY,1473947,27.0,29.0,POINT(29 27),19.788889,12.844444,26.022222,0.0,
2020-04-10,EG,EG,Egypt,,,,,EG,EGY,0,95,17,,,1794,135,,,,,,,,,,,,-63,-70,-18,-42,15,-41,Q79,country/EGY,1473947,27.0,29.0,POINT(29 27),19.277778,13.155556,25.633333,0.0,
2020-04-11,EG,EG,Egypt,,,,,EG,EGY,0,145,11,,,1939,146,,,,,,,,,,,,-62,-67,-18,-42,16,-45,Q79,country/EGY,1473947,27.0,29.0,POINT(29 27),19.711111,12.144444,26.422222,0.0,
2020-04-12,EG,EG,Egypt,,,,,EG,EGY,0,126,13,,,2065,159,,,,,,,,,,,,-45,-52,-8,-29,13,-31,Q79,country/EGY,1473947,27.0,29.0,POINT(29 27),20.677778,12.477778,26.355556,0.0,
2020-04-13,EG,EG,Egypt,,,,,EG,EGY,0,125,5,,,2190,164,,,,,,,,,,,,-47,-55,-13,-31,14,-30,Q79,country/EGY,1473947,27.0,29.0,POINT(29 27),20.688889,12.444444,27.422222,0.0,
2020-04-14,EG,EG,Egypt,,,,,EG,EGY,0,160,14,,,2350,178,,,,,,,,,,,,-47,-55,-11,-32,14,-31,Q79,country/EGY,1473947,27.0,29.0,POINT(29 27),20.722222,12.7,27.044444,0.0,
2020-04-15,EG,EG,Egypt,,,,,EG,EGY,0,155,5,,,2505,183,,,,,,,,,,,,-47,-55,-10,-32,14,-31,Q79,country/EGY,1473947,27.0,29.0,POINT(29 27),22.633333,13.155556,30.3,0.0,
2020-04-16,EG,EG,Egypt,,,,,EG,EGY,0,168,13,,,2673,196,,,,,,,,,,,,-43,-55,-4,-48,14,-31,Q79,country/EGY,1473947,27.0,29.0,POINT(29 27),25.944444,16.011111,33.9,0.0,
2020-04-17,EG,EG,Egypt,,,,,EG,EGY,0,171,9,,,2844,205,,,,,,,,,,,,-61,-70,-20,-48,14,-37,Q79,country/EGY,1473947,27.0,29.0,POINT(29 27),20.922222,14.777778,28.033333,0.0,
2020-04-18,EG,EG,Egypt,,,,,EG,EGY,0,188,19,,,3032,224,,,,,,,,,,,,-60,-67,-18,-49,15,-43,Q79,country/EGY,1473947,27.0,29.0,POINT(29 27),21.444444,15.3,27.544444,0.0,
2020-04-19,EG,EG,Egypt,,,,,EG,EGY,0,112,15,,,3144,239,,,,,,,,,,,,-50,-54,-2,-43,14,-41,Q79,country/EGY,1473947,27.0,29.0,POINT(29 27),22.933333,15.344444,29.488889,0.0,
2020-04-20,EG,EG,Egypt,,,,,EG,EGY,0,189,11,,,3333,250,,,,,,,,,,,,-82,-76,-37,-63,23,-66,Q79,country/EGY,1473947,27.0,29.0,POINT(29 27),23.7,15.977778,30.922222,0.0,
2020-04-21,EG,EG,Egypt,,,,,EG,EGY,0,157,14,,,3490,264,,,,,,,,,,,,-36,-51,0,-41,11,-28,Q79,country/EGY,1473947,27.0,29.0,POINT(29 27),25.977778,16.355556,34.922222,0.0,
2020-04-22,EG,EG,Egypt,,,,,EG,EGY,0,169,12,,,3659,276,,,,,,,,,,,,-36,-50,2,-42,11,-29,Q79,country/EGY,1473947,27.0,29.0,POINT(29 27),27.722222,19.677778,36.2,0.0,
2020-04-23,EG,EG,Egypt,,,,,EG,EGY,0,433,18,,,4092,294,,,,,,,,,,,,-36,-51,7,-45,12,-28,Q79,country/EGY,1473947,27.0,29.0,POINT(29 27),25.755556,17.888889,32.411111,0.0,
2020-04-24,EG,EG,Egypt,,,,,EG,EGY,0,0,0,,,4092,294,,,,,,,,,,,,-62,-68,-22,-57,14,-29,Q79,country/EGY,1473947,27.0,29.0,POINT(29 27),27.319444,18.902778,36.513889,0.0,
2020-04-25,EG,EG,Egypt,,,,,EG,EGY,0,227,13,,,4319,307,,,,,,,,,,,,-58,-61,-15,-53,15,-38,Q79,country/EGY,1473947,27.0,29.0,POINT(29 27),22.416667,17.319444,27.069444,0.0,
2020-04-26,EG,EG,Egypt,,,,,EG,EGY,0,463,30,,,4782,337,,,,,,,,,,,,-48,-57,-11,-47,15,-31,Q79,country/EGY,1473947,27.0,29.0,POINT(29 27),22.458333,16.208333,29.416667,0.0,
2020-04-27,EG,EG,Egypt,,,,,EG,EGY,0,260,22,,,5042,359,,,,,,,,,,,,-51,-58,-14,-50,15,-29,Q79,country/EGY,1473947,27.0,29.0,POINT(29 27),26.694444,17.138889,34.638889,0.0,
2020-04-28,EG,EG,Egypt,,,,,EG,EGY,0,226,21,,,5268,380,,,,,,,,,,,,-48,-57,-10,-49,13,-29,Q79,country/EGY,1473947,27.0,29.0,POINT(29 27),28.916667,23.305556,36.305556,0.0,
2020-04-29,EG,EG,Egypt,,,,,EG,EGY,0,269,12,,,5537,392,,,,,,,,,,,,-48,-56,-9,-48,15,-28,Q79,country/EGY,1473947,27.0,29.0,POINT(29 27),23.977778,18.433333,29.577778,0.0,
2020-04-30,EG,EG,Egypt,,,,,EG,EGY,0,358,14,,,5895,406,,,,,,,,,,,,-49,-57,-9,-46,15,-27,Q79,country/EGY,1473947,27.0,29.0,POINT(29 27),24.244444,15.6,30.744444,0.0,
2020-05-01,EG,EG,Egypt,,,,,EG,EGY,0,0,0,,,5895,406,,,,,,,,,,,,-49,-55,-5,-41,11,-19,Q79,country/EGY,1473947,27.0,29.0,POINT(29 27),27.733333,17.088889,34.955556,0.0,
2020-05-02,EG,EG,Egypt,,,,,EG,EGY,0,298,9,,,6193,415,,,,,,,,,,,,-52,-54,-8,-42,13,-32,Q79,country/EGY,1473947,27.0,29.0,POINT(29 27),29.166667,19.1,37.166667,0.0,
2020-05-03,EG,EG,Egypt,,,,,EG,EGY,0,272,14,,,6465,429,,,,,,,,,,,,-45,-52,-6,-39,13,-29,Q79,country/EGY,1473947,27.0,29.0,POINT(29 27),28.477778,20.122222,36.6,0.0,
2020-05-04,EG,EG,Egypt,,,,,EG,EGY,0,736,23,,,7201,452,,,,,,,,,,,,-47,-53,-10,-43,14,-27,Q79,country/EGY,1473947,27.0,29.0,POINT(29 27),27.855556,19.722222,34.955556,0.0,
2020-05-05,EG,EG,Egypt,,,,,EG,EGY,0,387,17,,,7588,469,,,,,,,,,,,,-45,-52,-5,-41,13,-28,Q79,country/EGY,1473947,27.0,29.0,POINT(29 27),25.566667,19.4,31.155556,0.0,
2020-05-06,EG,EG,Egypt,,,,,EG,EGY,0,0,0,,,7588,469,,,,,,,,,,,,-43,-51,-1,-39,14,-27,Q79,country/EGY,1473947,27.0,29.0,POINT(29 27),22.322222,15.855556,28.588889,0.0,
2020-05-07,EG,EG,Egypt,,,,,EG,EGY,0,393,13,,,7981,482,,,,,,,,,,,,-44,-53,-2,-42,14,-26,Q79,country/EGY,1473947,27.0,29.0,POINT(29 27),25.355556,16.2,32.822222,0.0,
2020-05-08,EG,EG,Egypt,,,,,EG,EGY,0,495,21,,,8476,503,,,,,,,,,,,,-44,-51,1,-37,11,-15,Q79,country/EGY,1473947,27.0,29.0,POINT(29 27),27.3,17.233333,36.3,0.0,
2020-05-09,EG,EG,Egypt,,,,,EG,EGY,0,924,22,,,9400,525,,,,,,,,,,,,-42,-48,2,-36,11,-21,Q79,country/EGY,1473947,27.0,29.0,POINT(29 27),23.888889,17.466667,29.422222,0.0,
2020-05-10,EG,EG,Egypt,,,,,EG,EGY,0,346,8,,,9746,533,,,,,,,,,,,,-39,-48,4,-35,13,-25,Q79,country/EGY,1473947,27.0,29.0,POINT(29 27),25.055556,17.155556,32.666667,0.0,
2020-05-11,EG,EG,Egypt,,,,,EG,EGY,0,0,0,,,9746,533,,,,,,,,,,,,-41,-49,-1,-38,14,-23,Q79,country/EGY,1473947,27.0,29.0,POINT(29 27),26.355556,16.955556,34.277778,0.0,
2020-05-12,EG,EG,Egypt,,,,,EG,EGY,0,685,23,,,10431,556,,,,,,,,,,,,-41,-50,0,-38,14,-25,Q79,country/EGY,1473947,27.0,29.0,POINT(29 27),27.966667,17.422222,37.111111,0.0,
2020-05-13,EG,EG,Egypt,,,,,EG,EGY,0,398,15,,,10829,571,,,,,,,,,,,,-44,-51,-3,-40,14,-26,Q79,country/EGY,1473947,27.0,29.0,POINT(29 27),29.9,20.922222,37.4,0.0,
2020-05-14,EG,EG,Egypt,,,,,EG,EGY,0,0,0,,,10829,571,,,,,,,,,,,,-45,-53,-3,-43,14,-25,Q79,country/EGY,1473947,27.0,29.0,POINT(29 27),30.411111,22.044444,37.988889,0.0,
2020-05-15,EG,EG,Egypt,,,,,EG,EGY,0,399,21,,,11228,592,,,,,,,,,,,,-41,-49,4,-34,12,-13,Q79,country/EGY,1473947,27.0,29.0,POINT(29 27),30.344444,21.822222,38.177778,0.0,
2020-05-16,EG,EG,Egypt,,,,,EG,EGY,0,491,20,,,11719,612,,,,,,,,,,,,-42,-48,2,-36,12,-21,Q79,country/EGY,1473947,27.0,29.0,POINT(29 27),31.877778,23.466667,42.288889,0.0,
2020-05-17,EG,EG,Egypt,,,,,EG,EGY,0,510,18,,,12229,630,,,,,,,,,,,,-42,-49,0,-36,13,-26,Q79,country/EGY,1473947,27.0,29.0,POINT(29 27),32.866667,24.3,40.866667,1.2192,
2020-05-18,EG,EG,Egypt,,,,,EG,EGY,0,535,15,,,12764,645,,,,,,,,,,,,-43,-50,-2,-40,14,-25,Q79,country/EGY,1473947,27.0,29.0,POINT(29 27),34.588889,25.9,42.9,0.0,
2020-05-19,EG,EG,Egypt,,,,,EG,EGY,0,1465,35,,,14229,680,,,,,,,,,,,,-44,-50,-2,-41,14,-28,Q79,country/EGY,1473947,27.0,29.0,POINT(29 27),35.333333,26.011111,43.311111,0.0,
2020-05-20,EG,EG,Egypt,,,,,EG,EGY,0,0,0,,,14229,680,,,,,,,,,,,,-44,-49,1,-39,14,-29,Q79,country/EGY,1473947,27.0,29.0,POINT(29 27),35.655556,26.922222,43.222222,0.0,
2020-05-21,EG,EG,Egypt,,,,,EG,EGY,0,774,16,,,15003,696,,,,,,,,,,,,-44,-50,3,-40,15,-30,Q79,country/EGY,1473947,27.0,29.0,POINT(29 27),36.222222,26.5,43.944444,0.0,
2020-05-22,EG,EG,Egypt,,,,,EG,EGY,0,783,11,,,15786,707,,,,,,,,,,,,-32,-42,18,-25,11,-9,Q79,country/EGY,1473947,27.0,29.0,POINT(29 27),32.922222,25.955556,40.333333,0.0,
2020-05-23,EG,EG,Egypt,,,,,EG,EGY,0,727,28,,,16513,735,,,,,,,,,,,,-45,-43,17,-26,14,-37,Q79,country/EGY,1473947,27.0,29.0,POINT(29 27),28.511111,23.133333,33.922222,0.0,
2020-05-24,EG,EG,Egypt,,,,,EG,EGY,0,752,29,,,17265,764,,,,,,,,,,,,-77,-67,-19,-46,20,-65,Q79,country/EGY,1473947,27.0,29.0,POINT(29 27),23.511111,18.377778,29.155556,0.0,
2020-05-25,EG,EG,Egypt,,,,,EG,EGY,0,702,19,,,17967,783,,,,,,,,,,,,-76,-67,-20,-43,20,-65,Q79,country/EGY,1473947,27.0,29.0,POINT(29 27),22.466667,16.922222,28.177778,0.0,
2020-05-26,EG,EG,Egypt,,,,,EG,EGY,0,789,14,,,18756,797,,,,,,,,,,,,-76,-69,-24,-44,20,-65,Q79,country/EGY,1473947,27.0,29.0,POINT(29 27),26.488889,18.244444,33.433333,0.0,
2020-05-27,EG,EG,Egypt,,,,,EG,EGY,0,910,19,,,19666,816,,,,,,,,,,,,-76,-69,-24,-46,21,-63,Q79,country/EGY,1473947,27.0,29.0,POINT(29 27),26.922222,19.733333,33.577778,0.0,
2020-05-28,EG,EG,Egypt,,,,,EG,EGY,0,1127,29,,,20793,845,,,,,,,,,,,,-77,-72,-28,-51,23,-61,Q79,country/EGY,1473947,27.0,29.0,POINT(29 27),25.911111,19.244444,32.077778,0.0,
2020-05-29,EG,EG,Egypt,,,,,EG,EGY,0,1289,34,,,22082,879,,,,,,,,,,,,-69,-68,-21,-42,15,-33,Q79,country/EGY,1473947,27.0,29.0,POINT(29 27),25.166667,18.344444,30.955556,0.0,
2020-05-30,EG,EG,Egypt,,,,,EG,EGY,0,1367,34,,,23449,913,,,,,,,,,,,,-45,-52,-4,-35,12,-23,Q79,country/EGY,1473947,27.0,29.0,POINT(29 27),25.211111,18.177778,31.033333,0.0,
2020-05-31,EG,EG,Egypt,,,,,EG,EGY,0,1536,46,,,24985,959,,,,,,,,,,,,-43,-50,-2,-35,13,-25,Q79,country/EGY,1473947,27.0,29.0,POINT(29 27),26.711111,18.622222,33.122222,0.0,
2020-06-01,EG,EG,Egypt,,,,,EG,EGY,0,1399,46,,,26384,1005,,,,,,,,,,,,-42,-50,-3,-37,13,-23,Q79,country/EGY,1473947,27.0,29.0,POINT(29 27),30.588889,20.155556,38.711111,0.0,
2020-06-02,EG,EG,Egypt,,,,,EG,EGY,0,1152,47,,,27536,1052,,,,,,,,,,,,-43,-50,-3,-38,13,-25,Q79,country/EGY,1473947,27.0,29.0,POINT(29 27),29.4,22.6,36.011111,0.0,
2020-06-03,EG,EG,Egypt,,,,,EG,EGY,0,1079,36,,,28615,1088,,,,,,,,,,,,-44,-51,-4,-38,14,-26,Q79,country/EGY,1473947,27.0,29.0,POINT(29 27),30.133333,22.022222,37.344444,0.0,
2020-06-04,EG,EG,Egypt,,,,,EG,EGY,0,1152,38,,,29767,1126,,,,,,,,,,,,-46,-54,-5,-40,15,-26,Q79,country/EGY,1473947,27.0,29.0,POINT(29 27),31.666667,22.977778,40.033333,0.0,
2020-06-05,EG,EG,Egypt,,,,,EG,EGY,0,1348,40,,,31115,1166,,,,,,,,,,,,-47,-52,-1,-31,12,-15,Q79,country/EGY,1473947,27.0,29.0,POINT(29 27),29.366667,22.944444,35.877778,0.0,
2020-06-06,EG,EG,Egypt,,,,,EG,EGY,0,1497,32,,,32612,1198,,,,,,,,,,,,-43,-50,0,-33,12,-20,Q79,country/EGY,1473947,27.0,29.0,POINT(29 27),29.8,20.388889,36.777778,0.0,
2020-06-07,EG,EG,Egypt,,,,,EG,EGY,0,1467,39,,,34079,1237,,,,,,,,,,,,-43,-50,-1,-33,13,-26,Q79,country/EGY,1473947,27.0,29.0,POINT(29 27),33.955556,24.622222,43.144444,0.0,
2020-06-08,EG,EG,Egypt,,,,,EG,EGY,0,1365,34,,,35444,1271,,,,,,,,,,,,-42,-50,-3,-36,13,-22,Q79,country/EGY,1473947,27.0,29.0,POINT(29 27),31.022222,23.944444,37.833333,0.0,
2020-06-09,EG,EG,Egypt,,,,,EG,EGY,0,1385,35,,,36829,1306,,,,,,,,,,,,-43,-51,-4,-37,13,-24,Q79,country/EGY,1473947,27.0,29.0,POINT(29 27),29.888889,22.333333,36.9,0.0,
2020-06-10,EG,EG,Egypt,,,,,EG,EGY,0,1455,36,,,38284,1342,,,,,,,,,,,,-44,-51,-4,-35,13,-25,Q79,country/EGY,1473947,27.0,29.0,POINT(29 27),32.533333,22.444444,40.588889,0.0,
2020-06-11,EG,EG,Egypt,,,,,EG,EGY,0,1442,53,,,39726,1395,,,,,,,,,,,,-45,-52,-5,-37,14,-24,Q79,country/EGY,1473947,27.0,29.0,POINT(29 27),32.266667,25.377778,39.255556,0.0,
2020-06-12,EG,EG,Egypt,,,,,EG,EGY,0,1577,27,,,41303,1422,,,,,,,,,,,,-44,-50,-2,-26,12,-13,Q79,country/EGY,1473947,27.0,29.0,POINT(29 27),32.688889,24.766667,39.355556,0.0,
2020-06-13,EG,EG,Egypt,,,,,EG,EGY,0,1677,62,,,42980,1484,,,,,,,,,,,,-42,-48,-1,-29,11,-19,Q79,country/EGY,1473947,27.0,29.0,POINT(29 27),34.466667,25.3,42.177778,0.0,
2020-06-14,EG,EG,Egypt,,,,,EG,EGY,0,1618,91,,,44598,1575,,,,,,,,,,,,-40,-46,1,-29,13,-24,Q79,country/EGY,1473947,27.0,29.0,POINT(29 27),30.688889,25.177778,36.633333,0.0,
2020-06-15,EG,EG,Egypt,,,,,EG,EGY,0,1691,97,,,46289,1672,,,,,,,,,,,,-41,-47,-3,-31,12,-21,Q79,country/EGY,1473947,27.0,29.0,POINT(29 27),29.033333,22.4,35.255556,0.0,
2020-06-16,EG,EG,Egypt,,,,,EG,EGY,0,1567,94,,,47856,1766,,,,,,,,,,,,-41,-47,-1,-32,13,-23,Q79,country/EGY,1473947,27.0,29.0,POINT(29 27),31.533333,24.222222,38.122222,0.0,
2020-06-17,EG,EG,Egypt,,,,,EG,EGY,0,1363,84,,,49219,1850,,,,,,,,,,,,-43,-49,-4,-33,13,-24,Q79,country/EGY,1473947,27.0,29.0,POINT(29 27),33.633333,23.444444,42.6,0.0,
2020-06-18,EG,EG,Egypt,,,,,EG,EGY,0,1218,88,,,50437,1938,,,,,,,,,,,,-44,-51,-4,-34,13,-24,Q79,country/EGY,1473947,27.0,29.0,POINT(29 27),29.677778,23.411111,36.8,0.0,
2020-06-19,EG,EG,Egypt,,,,,EG,EGY,0,1774,79,,,52211,2017,,,,,,,,,,,,-42,-47,1,-20,11,-13,Q79,country/EGY,1473947,27.0,29.0,POINT(29 27),28.255556,22.455556,34.644444,0.0,
2020-06-20,EG,EG,Egypt,,,,,EG,EGY,0,1547,89,,,53758,2106,,,,,,,,,,,,-41,-45,2,-26,10,-18,Q79,country/EGY,1473947,27.0,29.0,POINT(29 27),29.611111,22.4,36.211111,0.0,
2020-06-21,EG,EG,Egypt,,,,,EG,EGY,0,1475,87,,,55233,2193,,,,,,,,,,,,-41,-47,-1,-28,12,-25,Q79,country/EGY,1473947,27.0,29.0,POINT(29 27),32.722222,22.3,41.833333,0.0,
2020-06-22,EG,EG,Egypt,,,,,EG,EGY,0,1576,85,,,56809,2278,,,,,,,,,,,,-40,-46,-1,-28,12,-22,Q79,country/EGY,1473947,27.0,29.0,POINT(29 27),34.288889,25.577778,41.244444,0.0,
2020-06-23,EG,EG,Egypt,,,,,EG,EGY,0,1332,87,,,58141,2365,,,,,,,,,,,,-39,-45,1,-28,12,-23,Q79,country/EGY,1473947,27.0,29.0,POINT(29 27),33.366667,25.377778,41.011111,0.0,
2020-06-24,EG,EG,Egypt,,,,,EG,EGY,0,1420,85,,,59561,2450,,,,,,,,,,,,-41,-46,0,-28,12,-23,Q79,country/EGY,1473947,27.0,29.0,POINT(29 27),32.066667,25.122222,39.044444,0.0,
2020-06-25,EG,EG,Egypt,,,,,EG,EGY,0,1569,83,,,61130,2533,,,,,,,,,,,,-41,-48,0,-30,12,-22,Q79,country/EGY,1473947,27.0,29.0,POINT(29 27),29.244444,23.377778,35.077778,0.0,
2020-06-26,EG,EG,Egypt,,,,,EG,EGY,0,1625,87,,,62755,2620,,,,,,,,,,,,-40,-45,4,-15,10,-11,Q79,country/EGY,1473947,27.0,29.0,POINT(29 27),29.233333,22.488889,34.988889,0.0,
2020-06-27,EG,EG,Egypt,,,,,EG,EGY,0,1168,88,,,63923,2708,,,,,,,,,,,,-32,-33,11,-13,8,-15,Q79,country/EGY,1473947,27.0,29.0,POINT(29 27),29.233333,23.155556,35.6,0.0,
2020-06-28,EG,EG,Egypt,,,,,EG,EGY,0,1265,81,,,65188,2789,,,,,,,,,,,,-32,-36,9,-16,9,-21,Q79,country/EGY,1473947,27.0,29.0,POINT(29 27),30.122222,23.077778,36.977778,0.0,
2020-06-29,EG,EG,Egypt,,,,,EG,EGY,0,1566,83,,,66754,2872,,,,,,,,,,,,-32,-34,8,-19,10,-18,Q79,country/EGY,1473947,27.0,29.0,POINT(29 27),30.311111,23.611111,36.922222,0.0,
2020-06-30,EG,EG,Egypt,,,,,EG,EGY,0,1557,81,,,68311,2953,,,,,,,,,,,,-33,-34,10,-20,10,-20,Q79,country/EGY,1473947,27.0,29.0,POINT(29 27),30.611111,23.1,37.411111,0.0,
2020-07-01,EG,EG,Egypt,,,,,EG,EGY,0,1503,81,,,69814,3034,,,,,,,,,,,,-29,-33,12,-16,9,-20,Q79,country/EGY,1473947,27.0,29.0,POINT(29 27),29.333333,21.777778,35.744444,0.0,
2020-07-02,EG,EG,Egypt,,,,,EG,EGY,0,1485,86,,,71299,3120,,,,,,,,,,,,-41,-38,7,-19,14,-38,Q79,country/EGY,1473947,27.0,29.0,POINT(29 27),30.966667,22.177778,38.677778,0.0,
2020-07-03,EG,EG,Egypt,,,,,EG,EGY,0,1412,81,,,72711,3201,,,,,,,,,,,,-27,-30,15,5,8,-9,Q79,country/EGY,1473947,27.0,29.0,POINT(29 27),32.055556,23.222222,40.077778,0.0,
2020-07-04,EG,EG,Egypt,,,,,EG,EGY,0,1324,79,,,74035,3280,,,,,,,,,,,,-28,-31,13,-9,7,-14,Q79,country/EGY,1473947,27.0,29.0,POINT(29 27),33.177778,24.711111,39.922222,0.0,
2020-07-05,EG,EG,Egypt,,,,,EG,EGY,0,1218,63,,,75253,3343,,,,,,,,,,,,-26,-31,14,-11,8,-20,Q79,country/EGY,1473947,27.0,29.0,POINT(29 27),32.166667,24.777778,39.077778,0.0,
2020-07-06,EG,EG,Egypt,,,,,EG,EGY,0,969,79,,,76222,3422,,,,,,,,,,,,-26,-30,11,-15,8,-16,Q79,country/EGY,1473947,27.0,29.0,POINT(29 27),32.488889,24.977778,38.988889,0.0,
2020-07-07,EG,EG,Egypt,,,,,EG,EGY,0,1057,67,,,77279,3489,,,,,,,,,,,,-25,-30,14,-14,8,-18,Q79,country/EGY,1473947,27.0,29.0,POINT(29 27),33.022222,24.4,39.644444,0.0,
2020-07-08,EG,EG,Egypt,,,,,EG,EGY,0,1025,75,,,78304,3564,,,,,,,,,,,,-28,-32,11,-15,8,-18,Q79,country/EGY,1473947,27.0,29.0,POINT(29 27),32.5,25.322222,38.655556,0.0,
2020-07-09,EG,EG,Egypt,,,,,EG,EGY,0,950,53,,,79254,3617,,,,,,,,,,,,-29,-34,9,-15,9,-18,Q79,country/EGY,1473947,27.0,29.0,POINT(29 27),31.655556,26.022222,37.444444,0.0,
2020-07-10,EG,EG,Egypt,,,,,EG,EGY,0,981,85,,,80235,3702,,,,,,,,,,,,-23,-27,17,9,7,-9,Q79,country/EGY,1473947,27.0,29.0,POINT(29 27),32.6,26.033333,37.677778,0.0,
2020-07-11,EG,EG,Egypt,,,,,EG,EGY,0,923,67,,,81158,3769,,,,,,,,,,,,-25,-28,14,-4,7,-13,Q79,country/EGY,1473947,27.0,29.0,POINT(29 27),32.5,25.022222,38.9,0.0,
2020-07-12,EG,EG,Egypt,,,,,EG,EGY,0,912,89,,,82070,3858,,,,,,,,,,,,-23,-29,15,-7,7,-19,Q79,country/EGY,1473947,27.0,29.0,POINT(29 27),32.033333,24.766667,38.522222,0.0,
2020-07-13,EG,EG,Egypt,,,,,EG,EGY,0,931,77,,,83001,3935,,,,,,,,,,,,-25,-28,12,-10,8,-15,Q79,country/EGY,1473947,27.0,29.0,POINT(29 27),30.588889,23.566667,37.366667,0.0,
2020-07-14,EG,EG,Egypt,,,,,EG,EGY,0,929,73,,,83930,4008,,,,,,,,,,,,-24,-28,11,-11,7,-17,Q79,country/EGY,1473947,27.0,29.0,POINT(29 27),31.1,23.355556,38.066667,0.0,
2020-07-15,EG,EG,Egypt,,,,,EG,EGY,0,913,59,,,84843,4067,,,,,,,,,,,,-25,-29,10,-13,7,-17,Q79,country/EGY,1473947,27.0,29.0,POINT(29 27),31.455556,23.577778,38.566667,0.0,
2020-07-16,EG,EG,Egypt,,,,,EG,EGY,0,928,53,,,85771,4120,,,,,,,,,,,,-26,-31,9,-13,8,-16,Q79,country/EGY,1473947,27.0,29.0,POINT(29 27),30.833333,24.822222,36.444444,0.0,
2020-07-17,EG,EG,Egypt,,,,,EG,EGY,0,703,68,,,86474,4188,,,,,,,,,,,,-20,-23,17,13,7,-7,Q79,country/EGY,1473947,27.0,29.0,POINT(29 27),29.744444,22.822222,35.477778,0.0,
2020-07-18,EG,EG,Egypt,,,,,EG,EGY,0,698,63,,,87172,4251,,,,,,,,,,,,-22,-25,14,-1,6,-11,Q79,country/EGY,1473947,27.0,29.0,POINT(29 27),30.277778,22.8,36.577778,0.0,
2020-07-19,EG,EG,Egypt,,,,,EG,EGY,0,603,51,,,87775,4302,,,,,,,,,,,,-22,-25,15,-5,6,-17,Q79,country/EGY,1473947,27.0,29.0,POINT(29 27),31.2,23.311111,38.844444,0.0,
2020-07-20,EG,EG,Egypt,,,,,EG,EGY,0,627,50,,,88402,4352,,,,,,,,,,,,-20,-24,13,-5,7,-13,Q79,country/EGY,1473947,27.0,29.0,POINT(29 27),31.244444,23.766667,38.611111,0.0,
2020-07-21,EG,EG,Egypt,,,,,EG,EGY,0,676,47,,,89078,4399,,,,,,,,,,,,-19,-23,16,-4,6,-16,Q79,country/EGY,1473947,27.0,29.0,POINT(29 27),31.677778,25.2,37.811111,0.0,
2020-07-22,EG,EG,Egypt,,,,,EG,EGY,0,667,41,,,89745,4440,,,,,,,,,,,,-20,-25,15,-5,6,-16,Q79,country/EGY,1473947,27.0,29.0,POINT(29 27),30.3,23.2,36.744444,0.0,
2020-07-23,EG,EG,Egypt,,,,,EG,EGY,0,668,40,,,90413,4480,,,,,,,,,,,,-34,-31,10,-7,12,-35,Q79,country/EGY,1473947,27.0,29.0,POINT(29 27),31.111111,24.144444,37.3,0.0,
2020-07-24,EG,EG,Egypt,,,,,EG,EGY,0,659,38,,,91072,4518,,,,,,,,,,,,-17,-21,19,21,7,-5,Q79,country/EGY,1473947,27.0,29.0,POINT(29 27),31.555556,24.922222,38.622222,0.0,
2020-07-25,EG,EG,Egypt,,,,,EG,EGY,0,511,40,,,91583,4558,,,,,,,,,,,,-17,-21,18,5,5,-11,Q79,country/EGY,1473947,27.0,29.0,POINT(29 27),32.322222,25.266667,38.722222,0.0,
2020-07-26,EG,EG,Egypt,,,,,EG,EGY,0,479,48,,,92062,4606,,,,,,,,,,,,-15,-20,20,0,6,-16,Q79,country/EGY,1473947,27.0,29.0,POINT(29 27),31.877778,24.677778,37.877778,0.0,
2020-07-27,EG,EG,Egypt,,,,,EG,EGY,0,420,46,,,92482,4652,,,,,,,,,,,,-13,-17,21,1,5,-13,Q79,country/EGY,1473947,27.0,29.0,POINT(29 27),31.588889,25.0,38.244444,0.0,
2020-07-28,EG,EG,Egypt,,,,,EG,EGY,0,465,39,,,92947,4691,,,,,,,,,,,,-9,-14,28,1,5,-15,Q79,country/EGY,1473947,27.0,29.0,POINT(29 27),30.9,24.166667,37.722222,0.0,
2020-07-29,EG,EG,Egypt,,,,,EG,EGY,0,409,37,,,93356,4728,,,,,,,,,,,,-5,-11,37,3,5,-18,Q79,country/EGY,1473947,27.0,29.0,POINT(29 27),32.6,25.577778,38.922222,0.0,
2020-07-30,EG,EG,Egypt,,,,,EG,EGY,0,401,46,,,93757,4774,,,,,,,,,,,,-39,-34,12,-17,15,-49,Q79,country/EGY,1473947,27.0,29.0,POINT(29 27),33.9,26.3,41.155556,0.0,
2020-07-31,EG,EG,Egypt,,,,,EG,EGY,0,321,31,,,94078,4805,,,,,,,,,,,,-28,-26,19,26,4,-19,Q79,country/EGY,1473947,27.0,29.0,POINT(29 27),34.511111,27.355556,40.922222,0.0,
2020-08-01,EG,EG,Egypt,,,,,EG,EGY,0,238,29,,,94316,4834,,,,,,,,,,,,-38,-28,10,27,8,-48,Q79,country/EGY,1473947,27.0,29.0,POINT(29 27),33.8,27.088889,39.5,0.0,
2020-08-02,EG,EG,Egypt,,,,,EG,EGY,0,167,31,,,94483,4865,,,,,,,,,,,,-40,-25,11,31,11,-58,Q79,country/EGY,1473947,27.0,29.0,POINT(29 27),33.011111,24.244444,39.766667,0.0,
2020-08-03,EG,EG,Egypt,,,,,EG,EGY,0,157,23,,,94640,4888,,,,,,,,,,,,-40,-24,8,27,11,-52,Q79,country/EGY,1473947,27.0,29.0,POINT(29 27),34.2,25.444444,41.355556,0.0,
2020-08-04,EG,EG,Egypt,,,,,EG,EGY,0,112,24,,,94752,4912,,,,,,,,,,,,-25,-22,14,17,7,-28,Q79,country/EGY,1473947,27.0,29.0,POINT(29 27),34.3,25.955556,42.555556,0.0,
2020-08-05,EG,EG,Egypt,,,,,EG,EGY,0,123,19,,,94875,4931,,,,,,,,,,,,-25,-21,15,15,7,-24,Q79,country/EGY,1473947,27.0,29.0,POINT(29 27),32.833333,25.3,39.722222,0.0,
2020-08-06,EG,EG,Egypt,,,,,EG,EGY,0,131,20,,,95006,4951,,,,,,,,,,,,-26,-25,11,8,8,-24,Q79,country/EGY,1473947,27.0,29.0,POINT(29 27),32.255556,24.933333,39.611111,0.0,
2020-08-07,EG,EG,Egypt,,,,,EG,EGY,0,141,20,,,95147,4971,,,,,,,,,,,,-15,-16,18,33,5,-10,Q79,country/EGY,1473947,27.0,29.0,POINT(29 27),32.833333,24.477778,40.822222,0.0,
2020-08-08,EG,EG,Egypt,,,,,EG,EGY,0,167,21,,,95314,4992,,,,,,,,,,,,-18,-18,17,13,4,-13,Q79,country/EGY,1473947,27.0,29.0,POINT(29 27),33.4,25.366667,41.922222,0.0,
2020-08-09,EG,EG,Egypt,,,,,EG,EGY,0,178,17,,,95492,5009,,,,,,,,,,,,-15,-19,18,7,5,-17,Q79,country/EGY,1473947,27.0,29.0,POINT(29 27),34.155556,26.255556,41.333333,0.0,
2020-08-10,EG,EG,Egypt,,,,,EG,EGY,0,174,26,,,95666,5035,,,,,,,,,,,,-14,-17,17,7,5,-13,Q79,country/EGY,1473947,27.0,29.0,POINT(29 27),34.122222,26.233333,41.033333,0.0,
2020-08-11,EG,EG,Egypt,,,,,EG,EGY,0,168,24,,,95834,5059,,,,,,,,,,,,-16,-17,18,6,5,-17,Q79,country/EGY,1473947,27.0,29.0,POINT(29 27),33.8,26.4,39.566667,0.0,
2020-08-12,EG,EG,Egypt,,,,,EG,EGY,0,129,26,,,95963,5085,,,,,,,,,,,,-18,-18,18,6,5,-17,Q79,country/EGY,1473947,27.0,29.0,POINT(29 27),31.944444,25.633333,37.022222,0.0,
2020-08-13,EG,EG,Egypt,,,,,EG,EGY,0,145,22,,,96108,5107,,,,,,,,,,,,-18,-22,15,3,6,-16,Q79,country/EGY,1473947,27.0,29.0,POINT(29 27),,,,,
2020-08-14,EG,EG,Egypt,,,,,EG,EGY,0,112,17,,,96220,5124,,,,,,,,,,,,-11,-13,21,32,5,-7,Q79,country/EGY,1473947,27.0,29.0,POINT(29 27),31.466667,24.755556,37.655556,0.0,
2020-08-15,EG,EG,Egypt,,,,,EG,EGY,0,116,17,,,96336,5141,,,,,,,,,,,,-14,-16,20,15,4,-12,Q79,country/EGY,1473947,27.0,29.0,POINT(29 27),31.733333,24.577778,38.555556,0.0,
2020-08-16,EG,EG,Egypt,,,,,EG,EGY,0,139,19,,,96475,5160,,,,,,,,,,,,-14,-18,19,10,4,-16,Q79,country/EGY,1473947,27.0,29.0,POINT(29 27),31.266667,24.188889,38.533333,0.0,
2020-08-17,EG,EG,Egypt,,,,,EG,EGY,0,115,13,,,96590,5173,,,,,,,,,,,,-13,-15,17,13,5,-13,Q79,country/EGY,1473947,27.0,29.0,POINT(29 27),32.233333,24.944444,39.355556,0.0,
2020-08-18,EG,EG,Egypt,,,,,EG,EGY,0,163,11,,,96753,5184,,,,,,,,,,,,-12,-14,18,12,4,-13,Q79,country/EGY,1473947,27.0,29.0,POINT(29 27),31.544444,24.833333,37.411111,0.0,
2020-08-19,EG,EG,Egypt,,,,,EG,EGY,0,161,13,,,96914,5197,,,,,,,,,,,,-12,-12,20,17,4,-15,Q79,country/EGY,1473947,27.0,29.0,POINT(29 27),29.988889,23.344444,36.422222,0.0,
2020-08-20,EG,EG,Egypt,,,,,EG,EGY,0,111,15,,,97025,5212,,,,,,,,,,,,-30,-20,11,13,10,-37,Q79,country/EGY,1473947,27.0,29.0,POINT(29 27),29.977778,23.011111,36.977778,0.0,
2020-08-21,EG,EG,Egypt,,,,,EG,EGY,0,123,19,,,97148,5231,,,,,,,,,,,,-10,-8,20,49,5,-8,Q79,country/EGY,1473947,27.0,29.0,POINT(29 27),30.911111,23.755556,37.833333,0.0,
2020-08-22,EG,EG,Egypt,,,,,EG,EGY,0,89,12,,,97237,5243,,,,,,,,,,,,-18,-14,14,21,4,-13,Q79,country/EGY,1473947,27.0,29.0,POINT(29 27),30.022222,23.355556,35.677778,0.0,
2020-08-23,EG,EG,Egypt,,,,,EG,EGY,0,103,19,,,97340,5262,,,,,,,,,,,,-15,-12,18,16,4,-16,Q79,country/EGY,1473947,27.0,29.0,POINT(29 27),30.622222,23.7,37.244444,0.0,
2020-08-24,EG,EG,Egypt,,,,,EG,EGY,0,138,18,,,97478,5280,,,,,,,,,,,,-14,-10,16,19,4,-12,Q79,country/EGY,1473947,27.0,29.0,POINT(29 27),31.266667,23.633333,38.222222,0.0,
2020-08-25,EG,EG,Egypt,,,,,EG,EGY,0,141,18,,,97619,5298,,,,,,,,,,,,-10,-7,19,20,4,-15,Q79,country/EGY,1473947,27.0,29.0,POINT(29 27),31.811111,23.722222,39.244444,0.0,
2020-08-26,EG,EG,Egypt,,,,,EG,EGY,0,206,19,,,97825,5317,,,,,,,,,,,,-13,-8,18,18,4,-14,Q79,country/EGY,1473947,27.0,29.0,POINT(29 27),31.877778,24.055556,38.522222,0.0,
2020-08-27,EG,EG,Egypt,,,,,EG,EGY,0,237,25,,,98062,5342,,,,,,,,,,,,-14,-8,16,18,5,-14,Q79,country/EGY,1473947,27.0,29.0,POINT(29 27),30.411111,23.622222,37.211111,0.0,
2020-08-28,EG,EG,Egypt,,,,,EG,EGY,0,223,20,,,98285,5362,,,,,,,,,,,,-5,3,22,52,4,-9,Q79,country/EGY,1473947,27.0,29.0,POINT(29 27),30.333333,23.655556,36.344444,0.0,
2020-08-29,EG,EG,Egypt,,,,,EG,EGY,0,212,14,,,98497,5376,,,,,,,,,,,,-14,-5,15,26,4,-14,Q79,country/EGY,1473947,27.0,29.0,POINT(29 27),30.911111,24.844444,37.255556,0.0,
2020-08-30,EG,EG,Egypt,,,,,EG,EGY,0,230,23,,,98727,5399,,,,,,,,,,,,-12,-5,19,22,4,-17,Q79,country/EGY,1473947,27.0,29.0,POINT(29 27),31.511111,23.811111,38.411111,0.0,
2020-08-31,EG,EG,Egypt,,,,,EG,EGY,0,212,22,,,98939,5421,,,,,,,,,,,,-9,-1,17,25,4,-13,Q79,country/EGY,1473947,27.0,29.0,POINT(29 27),31.933333,23.822222,38.777778,0.0,
2020-09-01,EG,EG,Egypt,,,,,EG,EGY,0,176,19,,,99115,5440,,,,,,,,,,,,-5,3,23,28,3,-15,Q79,country/EGY,1473947,27.0,29.0,POINT(29 27),31.044444,24.466667,37.1,0.0,
2020-09-02,EG,EG,Egypt,,,,,EG,EGY,0,165,21,,,99280,5461,,,,,,,,,,,,-9,2,20,27,4,-15,Q79,country/EGY,1473947,27.0,29.0,POINT(29 27),32.077778,23.922222,39.222222,0.0,
2020-09-03,EG,EG,Egypt,,,,,EG,EGY,0,145,18,,,99425,5479,,,,,,,,,,,,-11,-3,15,22,4,-17,Q79,country/EGY,1473947,27.0,29.0,POINT(29 27),32.111111,23.644444,38.533333,0.0,
2020-09-04,EG,EG,Egypt,,,,,EG,EGY,0,157,16,,,99582,5495,,,,,,,,,,,,-1,10,23,57,4,-11,Q79,country/EGY,1473947,27.0,29.0,POINT(29 27),32.066667,23.811111,39.155556,0.0,
2020-09-05,EG,EG,Egypt,,,,,EG,EGY,0,130,16,,,99712,5511,,,,,,,,,,,,-8,7,23,37,3,-15,Q79,country/EGY,1473947,27.0,29.0,POINT(29 27),32.322222,24.8,40.177778,0.0,
2020-09-06,EG,EG,Egypt,,,,,EG,EGY,0,151,19,,,99863,5530,,,,,,,,,,,,-7,3,23,30,3,-17,Q79,country/EGY,1473947,27.0,29.0,POINT(29 27),31.911111,25.766667,39.1,0.0,
2020-09-07,EG,EG,Egypt,,,,,EG,EGY,0,0,0,,,99863,5530,,,,,,,,,,,,-6,5,19,32,4,-14,Q79,country/EGY,1473947,27.0,29.0,POINT(29 27),32.577778,25.9,38.944444,0.0,
2020-09-08,EG,EG,Egypt,,,,,EG,EGY,0,365,30,,,100228,5560,,,,,,,,,,,,-2,10,23,34,3,-16,Q79,country/EGY,1473947,27.0,29.0,POINT(29 27),31.666667,24.977778,38.355556,0.0,
2020-09-09,EG,EG,Egypt,,,,,EG,EGY,0,175,17,,,100403,5577,,,,,,,,,,,,-4,12,21,38,3,-15,Q79,country/EGY,1473947,27.0,29.0,POINT(29 27),30.844444,25.177778,37.2,0.0,
2020-09-10,EG,EG,Egypt,,,,,EG,EGY,0,154,13,,,100557,5590,,,,,,,,,,,,-3,10,17,38,4,-16,Q79,country/EGY,1473947,27.0,29.0,POINT(29 27),30.355556,24.122222,37.0,0.0,
2020-09-11,EG,EG,Egypt,,,,,EG,EGY,0,151,17,,,100708,5607,,,,,,,,,,,,5,24,23,73,3,-11,Q79,country/EGY,1473947,27.0,29.0,POINT(29 27),30.7,22.844444,37.7,0.0,
2020-09-12,EG,EG,Egypt,,,,,EG,EGY,0,148,20,,,100856,5627,,,,,,,,,,,,,,,,,,Q79,country/EGY,1473947,27.0,29.0,POINT(29 27),31.577778,23.555556,38.488889,0.0,
2020-09-13,EG,EG,Egypt,,,,,EG,EGY,0,0,0,,,100856,5627,,,,,,,,,,,,,,,,,,Q79,country/EGY,1473947,27.0,29.0,POINT(29 27),31.444444,23.377778,38.333333,0.0,
2020-09-14,EG,EG,Egypt,,,,,EG,EGY,0,321,34,,,101177,5661,,,,,,,,,,,,,,,,,,Q79,country/EGY,1473947,27.0,29.0,POINT(29 27),31.077778,23.488889,38.033333,0.0,
2020-09-15,EG,EG,Egypt,,,,,EG,EGY,0,163,18,,,101340,5679,,,,,,,,,,,,,,,,,,Q79,country/EGY,1473947,27.0,29.0,POINT(29 27),30.566667,23.211111,36.666667,0.0,
2020-09-16,EG,EG,Egypt,,,,,EG,EGY,0,160,17,,,101500,5696,,,,,,,,,,,,,,,,,,Q79,country/EGY,1473947,27.0,29.0,POINT(29 27),,,,,
2020-09-17,EG,EG,Egypt,,,,,EG,EGY,0,141,19,,,101641,5715,,,,,,,,,,,,,,,,,,Q79,country/EGY,1473947,27.0,29.0,POINT(29 27),,,,,
2020-09-18,EG,EG,Egypt,,,,,EG,EGY,0,131,18,,,101772,5733,,,,,,,,,,,,,,,,,,Q79,country/EGY,1473947,27.0,29.0,POINT(29 27),,,,,
2020-09-19,EG,EG,Egypt,,,,,EG,EGY,0,,,,,,,,,,,,,,,,,,,,,,,,Q79,country/EGY,1473947,27.0,29.0,POINT(29 27),,,,,
2020-09-20,EG,EG,Egypt,,,,,EG,EGY,0,,,,,,,,,,,,,,,,,,,,,,,,Q79,country/EGY,1473947,27.0,29.0,POINT(29 27),,,,,
2020-09-21,EG,EG,Egypt,,,,,EG,EGY,0,,,,,,,,,,,,,,,,,,,,,,,,Q79,country/EGY,1473947,27.0,29.0,POINT(29 27),,,,,
